{"cameraMode":{"drawMode":0,"name":"Shaded","section":"Shading Mode"},"sceneLighting":true,"audioPlay":false,"sceneViewState":{"m_AlwaysRefresh":false,"showFog":true,"showSkybox":true,"showFlares":true,"showImageEffects":true,"showParticleSystems":true,"showVisualEffectGraphs":true,"m_FxEnabled":true},"in2DMode":false,"pivot":{"x":-0.3613605499267578,"y":2.322737693786621,"z":1.8529548645019532},"rotation":{"x":-0.051628295332193378,"y":0.9236361384391785,"z":-0.13422243297100068,"w":-0.3552713692188263},"size":9.859108924865723,"orthographic":true}